<annotation>
	<folder>images</folder>
	<filename>1.jpg</filename>
	<path>C:\Users\Acer\Documents\Project\images\1.jpg</path>
	<source>
		<database>Unknown</database>
	</source>
	<size>
		<width>640</width>
		<height>424</height>
		<depth>3</depth>
	</size>
	<segmented>0</segmented>
	<object>
		<name>Gun</name>
		<pose>Unspecified</pose>
		<truncated>0</truncated>
		<difficult>0</difficult>
		<bndbox>
			<xmin>170</xmin>
			<ymin>69</ymin>
			<xmax>313</xmax>
			<ymax>408</ymax>
		</bndbox>
	</object>
</annotation>
