<annotation>
	<folder>images</folder>
	<filename>10.jpg</filename>
	<path>C:\Users\Acer\Documents\Project\images\10.jpg</path>
	<source>
		<database>Unknown</database>
	</source>
	<size>
		<width>640</width>
		<height>426</height>
		<depth>3</depth>
	</size>
	<segmented>0</segmented>
	<object>
		<name>Gun</name>
		<pose>Unspecified</pose>
		<truncated>1</truncated>
		<difficult>0</difficult>
		<bndbox>
			<xmin>208</xmin>
			<ymin>1</ymin>
			<xmax>361</xmax>
			<ymax>398</ymax>
		</bndbox>
	</object>
	<object>
		<name>Gun</name>
		<pose>Unspecified</pose>
		<truncated>1</truncated>
		<difficult>0</difficult>
		<bndbox>
			<xmin>329</xmin>
			<ymin>16</ymin>
			<xmax>492</xmax>
			<ymax>426</ymax>
		</bndbox>
	</object>
</annotation>
