<annotation>
	<folder>images</folder>
	<filename>105.jpg</filename>
	<path>C:\Users\Acer\Documents\Project\images\105.jpg</path>
	<source>
		<database>Unknown</database>
	</source>
	<size>
		<width>640</width>
		<height>480</height>
		<depth>3</depth>
	</size>
	<segmented>0</segmented>
	<object>
		<name>Gun</name>
		<pose>Unspecified</pose>
		<truncated>0</truncated>
		<difficult>0</difficult>
		<bndbox>
			<xmin>100</xmin>
			<ymin>109</ymin>
			<xmax>229</xmax>
			<ymax>478</ymax>
		</bndbox>
	</object>
</annotation>
