<annotation>
	<folder>images</folder>
	<filename>106.jpg</filename>
	<path>C:\Users\Acer\Documents\Project\images\106.jpg</path>
	<source>
		<database>Unknown</database>
	</source>
	<size>
		<width>640</width>
		<height>398</height>
		<depth>3</depth>
	</size>
	<segmented>0</segmented>
	<object>
		<name>Gun</name>
		<pose>Unspecified</pose>
		<truncated>1</truncated>
		<difficult>0</difficult>
		<bndbox>
			<xmin>78</xmin>
			<ymin>124</ymin>
			<xmax>640</xmax>
			<ymax>296</ymax>
		</bndbox>
	</object>
</annotation>
