<annotation>
	<folder>images</folder>
	<filename>107.jpg</filename>
	<path>C:\Users\Acer\Documents\Project\images\107.jpg</path>
	<source>
		<database>Unknown</database>
	</source>
	<size>
		<width>640</width>
		<height>360</height>
		<depth>3</depth>
	</size>
	<segmented>0</segmented>
	<object>
		<name>Gun</name>
		<pose>Unspecified</pose>
		<truncated>0</truncated>
		<difficult>0</difficult>
		<bndbox>
			<xmin>211</xmin>
			<ymin>229</ymin>
			<xmax>267</xmax>
			<ymax>292</ymax>
		</bndbox>
	</object>
	<object>
		<name>Gun</name>
		<pose>Unspecified</pose>
		<truncated>0</truncated>
		<difficult>0</difficult>
		<bndbox>
			<xmin>299</xmin>
			<ymin>81</ymin>
			<xmax>336</xmax>
			<ymax>301</ymax>
		</bndbox>
	</object>
</annotation>
