<annotation>
	<folder>images</folder>
	<filename>108.jpg</filename>
	<path>C:\Users\Acer\Documents\Project\images\108.jpg</path>
	<source>
		<database>Unknown</database>
	</source>
	<size>
		<width>640</width>
		<height>426</height>
		<depth>3</depth>
	</size>
	<segmented>0</segmented>
	<object>
		<name>Gun</name>
		<pose>Unspecified</pose>
		<truncated>0</truncated>
		<difficult>0</difficult>
		<bndbox>
			<xmin>138</xmin>
			<ymin>111</ymin>
			<xmax>519</xmax>
			<ymax>172</ymax>
		</bndbox>
	</object>
</annotation>
