<annotation>
	<folder>images</folder>
	<filename>11.jpg</filename>
	<path>C:\Users\Acer\Documents\Project\images\11.jpg</path>
	<source>
		<database>Unknown</database>
	</source>
	<size>
		<width>480</width>
		<height>509</height>
		<depth>3</depth>
	</size>
	<segmented>0</segmented>
	<object>
		<name>Gun</name>
		<pose>Unspecified</pose>
		<truncated>0</truncated>
		<difficult>0</difficult>
		<bndbox>
			<xmin>304</xmin>
			<ymin>256</ymin>
			<xmax>365</xmax>
			<ymax>411</ymax>
		</bndbox>
	</object>
	<object>
		<name>Gun</name>
		<pose>Unspecified</pose>
		<truncated>0</truncated>
		<difficult>0</difficult>
		<bndbox>
			<xmin>60</xmin>
			<ymin>185</ymin>
			<xmax>173</xmax>
			<ymax>283</ymax>
		</bndbox>
	</object>
	<object>
		<name>Gun</name>
		<pose>Unspecified</pose>
		<truncated>0</truncated>
		<difficult>0</difficult>
		<bndbox>
			<xmin>263</xmin>
			<ymin>140</ymin>
			<xmax>299</xmax>
			<ymax>243</ymax>
		</bndbox>
	</object>
</annotation>
