<annotation>
	<folder>images</folder>
	<filename>111.jpg</filename>
	<path>C:\Users\Acer\Documents\Project\images\111.jpg</path>
	<source>
		<database>Unknown</database>
	</source>
	<size>
		<width>640</width>
		<height>425</height>
		<depth>3</depth>
	</size>
	<segmented>0</segmented>
	<object>
		<name>Gun</name>
		<pose>Unspecified</pose>
		<truncated>0</truncated>
		<difficult>0</difficult>
		<bndbox>
			<xmin>171</xmin>
			<ymin>177</ymin>
			<xmax>306</xmax>
			<ymax>388</ymax>
		</bndbox>
	</object>
</annotation>
