<annotation>
	<folder>images</folder>
	<filename>112.jpg</filename>
	<path>C:\Users\Acer\Documents\Project\images\112.jpg</path>
	<source>
		<database>Unknown</database>
	</source>
	<size>
		<width>576</width>
		<height>480</height>
		<depth>1</depth>
	</size>
	<segmented>0</segmented>
	<object>
		<name>Gun</name>
		<pose>Unspecified</pose>
		<truncated>0</truncated>
		<difficult>0</difficult>
		<bndbox>
			<xmin>170</xmin>
			<ymin>108</ymin>
			<xmax>278</xmax>
			<ymax>339</ymax>
		</bndbox>
	</object>
</annotation>
