<annotation>
	<folder>images</folder>
	<filename>113.jpg</filename>
	<path>C:\Users\Acer\Documents\Project\images\113.jpg</path>
	<source>
		<database>Unknown</database>
	</source>
	<size>
		<width>640</width>
		<height>360</height>
		<depth>3</depth>
	</size>
	<segmented>0</segmented>
	<object>
		<name>Gun</name>
		<pose>Unspecified</pose>
		<truncated>1</truncated>
		<difficult>0</difficult>
		<bndbox>
			<xmin>111</xmin>
			<ymin>1</ymin>
			<xmax>568</xmax>
			<ymax>306</ymax>
		</bndbox>
	</object>
</annotation>
