<annotation>
	<folder>images</folder>
	<filename>115.png</filename>
	<path>C:\Users\Acer\Documents\Project\images\115.png</path>
	<source>
		<database>Unknown</database>
	</source>
	<size>
		<width>640</width>
		<height>413</height>
		<depth>3</depth>
	</size>
	<segmented>0</segmented>
	<object>
		<name>Gun</name>
		<pose>Unspecified</pose>
		<truncated>0</truncated>
		<difficult>0</difficult>
		<bndbox>
			<xmin>141</xmin>
			<ymin>108</ymin>
			<xmax>438</xmax>
			<ymax>271</ymax>
		</bndbox>
	</object>
</annotation>
