<annotation>
	<folder>images</folder>
	<filename>118.jpg</filename>
	<path>C:\Users\Acer\Documents\Project\images\118.jpg</path>
	<source>
		<database>Unknown</database>
	</source>
	<size>
		<width>607</width>
		<height>480</height>
		<depth>3</depth>
	</size>
	<segmented>0</segmented>
	<object>
		<name>Gun</name>
		<pose>Unspecified</pose>
		<truncated>0</truncated>
		<difficult>0</difficult>
		<bndbox>
			<xmin>44</xmin>
			<ymin>79</ymin>
			<xmax>146</xmax>
			<ymax>146</ymax>
		</bndbox>
	</object>
</annotation>
