<annotation>
	<folder>images</folder>
	<filename>12.jpg</filename>
	<path>C:\Users\Acer\Documents\Project\images\12.jpg</path>
	<source>
		<database>Unknown</database>
	</source>
	<size>
		<width>640</width>
		<height>479</height>
		<depth>3</depth>
	</size>
	<segmented>0</segmented>
	<object>
		<name>Gun</name>
		<pose>Unspecified</pose>
		<truncated>0</truncated>
		<difficult>0</difficult>
		<bndbox>
			<xmin>96</xmin>
			<ymin>275</ymin>
			<xmax>130</xmax>
			<ymax>332</ymax>
		</bndbox>
	</object>
	<object>
		<name>Gun</name>
		<pose>Unspecified</pose>
		<truncated>0</truncated>
		<difficult>0</difficult>
		<bndbox>
			<xmin>243</xmin>
			<ymin>84</ymin>
			<xmax>476</xmax>
			<ymax>327</ymax>
		</bndbox>
	</object>
</annotation>
