<annotation>
	<folder>images</folder>
	<filename>120.jpg</filename>
	<path>C:\Users\Acer\Documents\Project\images\120.jpg</path>
	<source>
		<database>Unknown</database>
	</source>
	<size>
		<width>640</width>
		<height>434</height>
		<depth>3</depth>
	</size>
	<segmented>0</segmented>
	<object>
		<name>Gun</name>
		<pose>Unspecified</pose>
		<truncated>0</truncated>
		<difficult>0</difficult>
		<bndbox>
			<xmin>169</xmin>
			<ymin>118</ymin>
			<xmax>434</xmax>
			<ymax>318</ymax>
		</bndbox>
	</object>
	<object>
		<name>Gun</name>
		<pose>Unspecified</pose>
		<truncated>1</truncated>
		<difficult>0</difficult>
		<bndbox>
			<xmin>1</xmin>
			<ymin>88</ymin>
			<xmax>185</xmax>
			<ymax>279</ymax>
		</bndbox>
	</object>
	<object>
		<name>Gun</name>
		<pose>Unspecified</pose>
		<truncated>0</truncated>
		<difficult>0</difficult>
		<bndbox>
			<xmin>178</xmin>
			<ymin>36</ymin>
			<xmax>359</xmax>
			<ymax>187</ymax>
		</bndbox>
	</object>
</annotation>
