<annotation>
	<folder>images</folder>
	<filename>125.jpg</filename>
	<path>C:\Users\Acer\Documents\Project\images\125.jpg</path>
	<source>
		<database>Unknown</database>
	</source>
	<size>
		<width>615</width>
		<height>480</height>
		<depth>3</depth>
	</size>
	<segmented>0</segmented>
	<object>
		<name>Gun</name>
		<pose>Unspecified</pose>
		<truncated>1</truncated>
		<difficult>0</difficult>
		<bndbox>
			<xmin>1</xmin>
			<ymin>23</ymin>
			<xmax>615</xmax>
			<ymax>408</ymax>
		</bndbox>
	</object>
</annotation>
