<annotation>
	<folder>images</folder>
	<filename>127.png</filename>
	<path>C:\Users\Acer\Documents\Project\images\127.png</path>
	<source>
		<database>Unknown</database>
	</source>
	<size>
		<width>640</width>
		<height>455</height>
		<depth>3</depth>
	</size>
	<segmented>0</segmented>
	<object>
		<name>Gun</name>
		<pose>Unspecified</pose>
		<truncated>0</truncated>
		<difficult>0</difficult>
		<bndbox>
			<xmin>255</xmin>
			<ymin>227</ymin>
			<xmax>340</xmax>
			<ymax>425</ymax>
		</bndbox>
	</object>
	<object>
		<name>Gun</name>
		<pose>Unspecified</pose>
		<truncated>0</truncated>
		<difficult>0</difficult>
		<bndbox>
			<xmin>367</xmin>
			<ymin>244</ymin>
			<xmax>482</xmax>
			<ymax>369</ymax>
		</bndbox>
	</object>
	<object>
		<name>Gun</name>
		<pose>Unspecified</pose>
		<truncated>0</truncated>
		<difficult>0</difficult>
		<bndbox>
			<xmin>49</xmin>
			<ymin>246</ymin>
			<xmax>96</xmax>
			<ymax>340</ymax>
		</bndbox>
	</object>
</annotation>
