<annotation>
	<folder>images</folder>
	<filename>128.jpg</filename>
	<path>C:\Users\Acer\Documents\Project\images\128.jpg</path>
	<source>
		<database>Unknown</database>
	</source>
	<size>
		<width>480</width>
		<height>480</height>
		<depth>3</depth>
	</size>
	<segmented>0</segmented>
	<object>
		<name>Gun</name>
		<pose>Unspecified</pose>
		<truncated>0</truncated>
		<difficult>0</difficult>
		<bndbox>
			<xmin>48</xmin>
			<ymin>160</ymin>
			<xmax>205</xmax>
			<ymax>319</ymax>
		</bndbox>
	</object>
</annotation>
