<annotation>
	<folder>images</folder>
	<filename>129.jpg</filename>
	<path>C:\Users\Acer\Documents\Project\images\129.jpg</path>
	<source>
		<database>Unknown</database>
	</source>
	<size>
		<width>409</width>
		<height>640</height>
		<depth>3</depth>
	</size>
	<segmented>0</segmented>
	<object>
		<name>Gun</name>
		<pose>Unspecified</pose>
		<truncated>1</truncated>
		<difficult>0</difficult>
		<bndbox>
			<xmin>1</xmin>
			<ymin>223</ymin>
			<xmax>373</xmax>
			<ymax>519</ymax>
		</bndbox>
	</object>
</annotation>
