<annotation>
	<folder>images</folder>
	<filename>13.jpg</filename>
	<path>C:\Users\Acer\Documents\Project\images\13.jpg</path>
	<source>
		<database>Unknown</database>
	</source>
	<size>
		<width>640</width>
		<height>320</height>
		<depth>3</depth>
	</size>
	<segmented>0</segmented>
	<object>
		<name>Gun</name>
		<pose>Unspecified</pose>
		<truncated>1</truncated>
		<difficult>0</difficult>
		<bndbox>
			<xmin>86</xmin>
			<ymin>37</ymin>
			<xmax>563</xmax>
			<ymax>320</ymax>
		</bndbox>
	</object>
</annotation>
