<annotation>
	<folder>images</folder>
	<filename>130.jpg</filename>
	<path>C:\Users\Acer\Documents\Project\images\130.jpg</path>
	<source>
		<database>Unknown</database>
	</source>
	<size>
		<width>640</width>
		<height>427</height>
		<depth>3</depth>
	</size>
	<segmented>0</segmented>
	<object>
		<name>Gun</name>
		<pose>Unspecified</pose>
		<truncated>1</truncated>
		<difficult>0</difficult>
		<bndbox>
			<xmin>54</xmin>
			<ymin>125</ymin>
			<xmax>111</xmax>
			<ymax>427</ymax>
		</bndbox>
	</object>
	<object>
		<name>Gun</name>
		<pose>Unspecified</pose>
		<truncated>0</truncated>
		<difficult>0</difficult>
		<bndbox>
			<xmin>459</xmin>
			<ymin>121</ymin>
			<xmax>578</xmax>
			<ymax>329</ymax>
		</bndbox>
	</object>
</annotation>
