<annotation>
	<folder>images</folder>
	<filename>134.jpg</filename>
	<path>C:\Users\Acer\Documents\Project\images\134.jpg</path>
	<source>
		<database>Unknown</database>
	</source>
	<size>
		<width>640</width>
		<height>480</height>
		<depth>3</depth>
	</size>
	<segmented>0</segmented>
	<object>
		<name>Gun</name>
		<pose>Unspecified</pose>
		<truncated>1</truncated>
		<difficult>0</difficult>
		<bndbox>
			<xmin>166</xmin>
			<ymin>177</ymin>
			<xmax>283</xmax>
			<ymax>480</ymax>
		</bndbox>
	</object>
	<object>
		<name>Gun</name>
		<pose>Unspecified</pose>
		<truncated>0</truncated>
		<difficult>0</difficult>
		<bndbox>
			<xmin>348</xmin>
			<ymin>199</ymin>
			<xmax>389</xmax>
			<ymax>420</ymax>
		</bndbox>
	</object>
</annotation>
