<annotation>
	<folder>images</folder>
	<filename>136.jpg</filename>
	<path>C:\Users\Acer\Documents\Project\images\136.jpg</path>
	<source>
		<database>Unknown</database>
	</source>
	<size>
		<width>640</width>
		<height>480</height>
		<depth>1</depth>
	</size>
	<segmented>0</segmented>
	<object>
		<name>Gun</name>
		<pose>Unspecified</pose>
		<truncated>1</truncated>
		<difficult>0</difficult>
		<bndbox>
			<xmin>181</xmin>
			<ymin>207</ymin>
			<xmax>301</xmax>
			<ymax>480</ymax>
		</bndbox>
	</object>
</annotation>
