<annotation>
	<folder>images</folder>
	<filename>142.jpg</filename>
	<path>C:\Users\Acer\Documents\Project\images\142.jpg</path>
	<source>
		<database>Unknown</database>
	</source>
	<size>
		<width>498</width>
		<height>480</height>
		<depth>3</depth>
	</size>
	<segmented>0</segmented>
	<object>
		<name>Gun</name>
		<pose>Unspecified</pose>
		<truncated>0</truncated>
		<difficult>0</difficult>
		<bndbox>
			<xmin>119</xmin>
			<ymin>234</ymin>
			<xmax>223</xmax>
			<ymax>410</ymax>
		</bndbox>
	</object>
</annotation>
