<annotation>
	<folder>images</folder>
	<filename>151.jpg</filename>
	<path>C:\Users\Acer\Documents\Project\images\151.jpg</path>
	<source>
		<database>Unknown</database>
	</source>
	<size>
		<width>640</width>
		<height>480</height>
		<depth>3</depth>
	</size>
	<segmented>0</segmented>
	<object>
		<name>Gun</name>
		<pose>Unspecified</pose>
		<truncated>0</truncated>
		<difficult>0</difficult>
		<bndbox>
			<xmin>327</xmin>
			<ymin>71</ymin>
			<xmax>438</xmax>
			<ymax>149</ymax>
		</bndbox>
	</object>
</annotation>
