<annotation>
	<folder>images</folder>
	<filename>152.jpg</filename>
	<path>C:\Users\Acer\Documents\Project\images\152.jpg</path>
	<source>
		<database>Unknown</database>
	</source>
	<size>
		<width>480</width>
		<height>480</height>
		<depth>3</depth>
	</size>
	<segmented>0</segmented>
	<object>
		<name>Gun</name>
		<pose>Unspecified</pose>
		<truncated>1</truncated>
		<difficult>0</difficult>
		<bndbox>
			<xmin>6</xmin>
			<ymin>20</ymin>
			<xmax>476</xmax>
			<ymax>480</ymax>
		</bndbox>
	</object>
</annotation>
