<annotation>
	<folder>images</folder>
	<filename>154.jpeg</filename>
	<path>C:\Users\Acer\Documents\Project\images\154.jpeg</path>
	<source>
		<database>Unknown</database>
	</source>
	<size>
		<width>640</width>
		<height>427</height>
		<depth>3</depth>
	</size>
	<segmented>0</segmented>
	<object>
		<name>Gun</name>
		<pose>Unspecified</pose>
		<truncated>1</truncated>
		<difficult>0</difficult>
		<bndbox>
			<xmin>17</xmin>
			<ymin>2</ymin>
			<xmax>640</xmax>
			<ymax>364</ymax>
		</bndbox>
	</object>
</annotation>
