<annotation>
	<folder>images</folder>
	<filename>156.jpg</filename>
	<path>C:\Users\Acer\Documents\Project\images\156.jpg</path>
	<source>
		<database>Unknown</database>
	</source>
	<size>
		<width>640</width>
		<height>360</height>
		<depth>3</depth>
	</size>
	<segmented>0</segmented>
	<object>
		<name>Gun</name>
		<pose>Unspecified</pose>
		<truncated>1</truncated>
		<difficult>0</difficult>
		<bndbox>
			<xmin>36</xmin>
			<ymin>6</ymin>
			<xmax>577</xmax>
			<ymax>360</ymax>
		</bndbox>
	</object>
</annotation>
