<annotation>
	<folder>images</folder>
	<filename>157.jpg</filename>
	<path>C:\Users\Acer\Documents\Project\images\157.jpg</path>
	<source>
		<database>Unknown</database>
	</source>
	<size>
		<width>640</width>
		<height>480</height>
		<depth>3</depth>
	</size>
	<segmented>0</segmented>
	<object>
		<name>Gun</name>
		<pose>Unspecified</pose>
		<truncated>0</truncated>
		<difficult>0</difficult>
		<bndbox>
			<xmin>85</xmin>
			<ymin>265</ymin>
			<xmax>170</xmax>
			<ymax>317</ymax>
		</bndbox>
	</object>
	<object>
		<name>Gun</name>
		<pose>Unspecified</pose>
		<truncated>0</truncated>
		<difficult>0</difficult>
		<bndbox>
			<xmin>253</xmin>
			<ymin>244</ymin>
			<xmax>316</xmax>
			<ymax>283</ymax>
		</bndbox>
	</object>
	<object>
		<name>Gun</name>
		<pose>Unspecified</pose>
		<truncated>0</truncated>
		<difficult>0</difficult>
		<bndbox>
			<xmin>363</xmin>
			<ymin>236</ymin>
			<xmax>432</xmax>
			<ymax>269</ymax>
		</bndbox>
	</object>
</annotation>
