<annotation>
	<folder>images</folder>
	<filename>160.jpg</filename>
	<path>C:\Users\Acer\Documents\Project\images\160.jpg</path>
	<source>
		<database>Unknown</database>
	</source>
	<size>
		<width>640</width>
		<height>417</height>
		<depth>3</depth>
	</size>
	<segmented>0</segmented>
	<object>
		<name>Gun</name>
		<pose>Unspecified</pose>
		<truncated>0</truncated>
		<difficult>0</difficult>
		<bndbox>
			<xmin>192</xmin>
			<ymin>111</ymin>
			<xmax>267</xmax>
			<ymax>162</ymax>
		</bndbox>
	</object>
	<object>
		<name>Gun</name>
		<pose>Unspecified</pose>
		<truncated>0</truncated>
		<difficult>0</difficult>
		<bndbox>
			<xmin>415</xmin>
			<ymin>132</ymin>
			<xmax>468</xmax>
			<ymax>180</ymax>
		</bndbox>
	</object>
</annotation>
