<annotation>
	<folder>images</folder>
	<filename>163.jpg</filename>
	<path>C:\Users\Acer\Documents\Project\images\163.jpg</path>
	<source>
		<database>Unknown</database>
	</source>
	<size>
		<width>484</width>
		<height>480</height>
		<depth>3</depth>
	</size>
	<segmented>0</segmented>
	<object>
		<name>Gun</name>
		<pose>Unspecified</pose>
		<truncated>0</truncated>
		<difficult>0</difficult>
		<bndbox>
			<xmin>125</xmin>
			<ymin>148</ymin>
			<xmax>391</xmax>
			<ymax>464</ymax>
		</bndbox>
	</object>
</annotation>
