<annotation>
	<folder>images</folder>
	<filename>164.jpg</filename>
	<path>C:\Users\Acer\Documents\Project\images\164.jpg</path>
	<source>
		<database>Unknown</database>
	</source>
	<size>
		<width>640</width>
		<height>418</height>
		<depth>3</depth>
	</size>
	<segmented>0</segmented>
	<object>
		<name>Gun</name>
		<pose>Unspecified</pose>
		<truncated>0</truncated>
		<difficult>0</difficult>
		<bndbox>
			<xmin>98</xmin>
			<ymin>26</ymin>
			<xmax>576</xmax>
			<ymax>122</ymax>
		</bndbox>
	</object>
	<object>
		<name>Gun</name>
		<pose>Unspecified</pose>
		<truncated>0</truncated>
		<difficult>0</difficult>
		<bndbox>
			<xmin>69</xmin>
			<ymin>124</ymin>
			<xmax>579</xmax>
			<ymax>238</ymax>
		</bndbox>
	</object>
	<object>
		<name>Gun</name>
		<pose>Unspecified</pose>
		<truncated>0</truncated>
		<difficult>0</difficult>
		<bndbox>
			<xmin>61</xmin>
			<ymin>245</ymin>
			<xmax>609</xmax>
			<ymax>392</ymax>
		</bndbox>
	</object>
</annotation>
