<annotation>
	<folder>images</folder>
	<filename>165.jpg</filename>
	<path>C:\Users\Acer\Documents\Project\images\165.jpg</path>
	<source>
		<database>Unknown</database>
	</source>
	<size>
		<width>480</width>
		<height>611</height>
		<depth>3</depth>
	</size>
	<segmented>0</segmented>
	<object>
		<name>Gun</name>
		<pose>Unspecified</pose>
		<truncated>0</truncated>
		<difficult>0</difficult>
		<bndbox>
			<xmin>227</xmin>
			<ymin>151</ymin>
			<xmax>271</xmax>
			<ymax>214</ymax>
		</bndbox>
	</object>
	<object>
		<name>Gun</name>
		<pose>Unspecified</pose>
		<truncated>0</truncated>
		<difficult>0</difficult>
		<bndbox>
			<xmin>225</xmin>
			<ymin>310</ymin>
			<xmax>263</xmax>
			<ymax>365</ymax>
		</bndbox>
	</object>
</annotation>
