<annotation>
	<folder>images</folder>
	<filename>166.jpg</filename>
	<path>C:\Users\Acer\Documents\Project\images\166.jpg</path>
	<source>
		<database>Unknown</database>
	</source>
	<size>
		<width>640</width>
		<height>360</height>
		<depth>3</depth>
	</size>
	<segmented>0</segmented>
	<object>
		<name>Gun</name>
		<pose>Unspecified</pose>
		<truncated>0</truncated>
		<difficult>0</difficult>
		<bndbox>
			<xmin>325</xmin>
			<ymin>139</ymin>
			<xmax>340</xmax>
			<ymax>155</ymax>
		</bndbox>
	</object>
</annotation>
