<annotation>
	<folder>images</folder>
	<filename>169.jpg</filename>
	<path>C:\Users\Acer\Documents\Project\images\169.jpg</path>
	<source>
		<database>Unknown</database>
	</source>
	<size>
		<width>640</width>
		<height>361</height>
		<depth>3</depth>
	</size>
	<segmented>0</segmented>
	<object>
		<name>Gun</name>
		<pose>Unspecified</pose>
		<truncated>0</truncated>
		<difficult>0</difficult>
		<bndbox>
			<xmin>40</xmin>
			<ymin>42</ymin>
			<xmax>463</xmax>
			<ymax>349</ymax>
		</bndbox>
	</object>
</annotation>
