<annotation>
	<folder>images</folder>
	<filename>17.jpg</filename>
	<path>C:\Users\Acer\Documents\Project\images\17.jpg</path>
	<source>
		<database>Unknown</database>
	</source>
	<size>
		<width>640</width>
		<height>227</height>
		<depth>3</depth>
	</size>
	<segmented>0</segmented>
	<object>
		<name>Gun</name>
		<pose>Unspecified</pose>
		<truncated>1</truncated>
		<difficult>0</difficult>
		<bndbox>
			<xmin>260</xmin>
			<ymin>7</ymin>
			<xmax>593</xmax>
			<ymax>227</ymax>
		</bndbox>
	</object>
	<object>
		<name>Gun</name>
		<pose>Unspecified</pose>
		<truncated>0</truncated>
		<difficult>0</difficult>
		<bndbox>
			<xmin>267</xmin>
			<ymin>2</ymin>
			<xmax>515</xmax>
			<ymax>165</ymax>
		</bndbox>
	</object>
	<object>
		<name>Gun</name>
		<pose>Unspecified</pose>
		<truncated>0</truncated>
		<difficult>0</difficult>
		<bndbox>
			<xmin>482</xmin>
			<ymin>70</ymin>
			<xmax>584</xmax>
			<ymax>159</ymax>
		</bndbox>
	</object>
</annotation>
