<annotation>
	<folder>images</folder>
	<filename>172.jpg</filename>
	<path>C:\Users\Acer\Documents\Project\images\172.jpg</path>
	<source>
		<database>Unknown</database>
	</source>
	<size>
		<width>640</width>
		<height>428</height>
		<depth>3</depth>
	</size>
	<segmented>0</segmented>
	<object>
		<name>Gun</name>
		<pose>Unspecified</pose>
		<truncated>0</truncated>
		<difficult>0</difficult>
		<bndbox>
			<xmin>255</xmin>
			<ymin>118</ymin>
			<xmax>301</xmax>
			<ymax>198</ymax>
		</bndbox>
	</object>
</annotation>
