<annotation>
	<folder>images</folder>
	<filename>173.jpg</filename>
	<path>C:\Users\Acer\Documents\Project\images\173.jpg</path>
	<source>
		<database>Unknown</database>
	</source>
	<size>
		<width>640</width>
		<height>360</height>
		<depth>3</depth>
	</size>
	<segmented>0</segmented>
	<object>
		<name>Gun</name>
		<pose>Unspecified</pose>
		<truncated>0</truncated>
		<difficult>0</difficult>
		<bndbox>
			<xmin>137</xmin>
			<ymin>45</ymin>
			<xmax>462</xmax>
			<ymax>312</ymax>
		</bndbox>
	</object>
</annotation>
