<annotation>
	<folder>images</folder>
	<filename>177.jpg</filename>
	<path>C:\Users\Acer\Documents\Project\images\177.jpg</path>
	<source>
		<database>Unknown</database>
	</source>
	<size>
		<width>640</width>
		<height>361</height>
		<depth>3</depth>
	</size>
	<segmented>0</segmented>
	<object>
		<name>Gun</name>
		<pose>Unspecified</pose>
		<truncated>1</truncated>
		<difficult>0</difficult>
		<bndbox>
			<xmin>6</xmin>
			<ymin>155</ymin>
			<xmax>594</xmax>
			<ymax>361</ymax>
		</bndbox>
	</object>
</annotation>
