<annotation>
	<folder>images</folder>
	<filename>179.jpg</filename>
	<path>C:\Users\Acer\Documents\Project\images\179.jpg</path>
	<source>
		<database>Unknown</database>
	</source>
	<size>
		<width>640</width>
		<height>350</height>
		<depth>3</depth>
	</size>
	<segmented>0</segmented>
	<object>
		<name>Gun</name>
		<pose>Unspecified</pose>
		<truncated>0</truncated>
		<difficult>0</difficult>
		<bndbox>
			<xmin>181</xmin>
			<ymin>82</ymin>
			<xmax>625</xmax>
			<ymax>208</ymax>
		</bndbox>
	</object>
</annotation>
