<annotation>
	<folder>images</folder>
	<filename>182.jpg</filename>
	<path>C:\Users\Acer\Documents\Project\images\182.jpg</path>
	<source>
		<database>Unknown</database>
	</source>
	<size>
		<width>640</width>
		<height>417</height>
		<depth>3</depth>
	</size>
	<segmented>0</segmented>
	<object>
		<name>Gun</name>
		<pose>Unspecified</pose>
		<truncated>0</truncated>
		<difficult>0</difficult>
		<bndbox>
			<xmin>287</xmin>
			<ymin>234</ymin>
			<xmax>592</xmax>
			<ymax>407</ymax>
		</bndbox>
	</object>
	<object>
		<name>Gun</name>
		<pose>Unspecified</pose>
		<truncated>0</truncated>
		<difficult>0</difficult>
		<bndbox>
			<xmin>113</xmin>
			<ymin>178</ymin>
			<xmax>324</xmax>
			<ymax>335</ymax>
		</bndbox>
	</object>
</annotation>
