<annotation>
	<folder>images</folder>
	<filename>183.jpg</filename>
	<path>C:\Users\Acer\Documents\Project\images\183.jpg</path>
	<source>
		<database>Unknown</database>
	</source>
	<size>
		<width>640</width>
		<height>360</height>
		<depth>3</depth>
	</size>
	<segmented>0</segmented>
	<object>
		<name>Gun</name>
		<pose>Unspecified</pose>
		<truncated>0</truncated>
		<difficult>0</difficult>
		<bndbox>
			<xmin>263</xmin>
			<ymin>145</ymin>
			<xmax>465</xmax>
			<ymax>206</ymax>
		</bndbox>
	</object>
</annotation>
