<annotation>
	<folder>images</folder>
	<filename>187.png</filename>
	<path>C:\Users\Acer\Documents\Project\images\187.png</path>
	<source>
		<database>Unknown</database>
	</source>
	<size>
		<width>480</width>
		<height>480</height>
		<depth>3</depth>
	</size>
	<segmented>0</segmented>
	<object>
		<name>Gun</name>
		<pose>Unspecified</pose>
		<truncated>1</truncated>
		<difficult>0</difficult>
		<bndbox>
			<xmin>1</xmin>
			<ymin>57</ymin>
			<xmax>315</xmax>
			<ymax>386</ymax>
		</bndbox>
	</object>
</annotation>
