<annotation>
	<folder>images</folder>
	<filename>192.jpg</filename>
	<path>C:\Users\Acer\Documents\Project\images\192.jpg</path>
	<source>
		<database>Unknown</database>
	</source>
	<size>
		<width>640</width>
		<height>360</height>
		<depth>3</depth>
	</size>
	<segmented>0</segmented>
	<object>
		<name>Gun</name>
		<pose>Unspecified</pose>
		<truncated>0</truncated>
		<difficult>0</difficult>
		<bndbox>
			<xmin>153</xmin>
			<ymin>105</ymin>
			<xmax>189</xmax>
			<ymax>137</ymax>
		</bndbox>
	</object>
</annotation>
