<annotation>
	<folder>images</folder>
	<filename>196.jpg</filename>
	<path>C:\Users\Acer\Documents\Project\images\196.jpg</path>
	<source>
		<database>Unknown</database>
	</source>
	<size>
		<width>576</width>
		<height>480</height>
		<depth>3</depth>
	</size>
	<segmented>0</segmented>
	<object>
		<name>Gun</name>
		<pose>Unspecified</pose>
		<truncated>1</truncated>
		<difficult>0</difficult>
		<bndbox>
			<xmin>16</xmin>
			<ymin>10</ymin>
			<xmax>540</xmax>
			<ymax>480</ymax>
		</bndbox>
	</object>
</annotation>
