<annotation>
	<folder>images</folder>
	<filename>197.jpg</filename>
	<path>C:\Users\Acer\Documents\Project\images\197.jpg</path>
	<source>
		<database>Unknown</database>
	</source>
	<size>
		<width>640</width>
		<height>380</height>
		<depth>3</depth>
	</size>
	<segmented>0</segmented>
	<object>
		<name>Gun</name>
		<pose>Unspecified</pose>
		<truncated>1</truncated>
		<difficult>0</difficult>
		<bndbox>
			<xmin>8</xmin>
			<ymin>9</ymin>
			<xmax>611</xmax>
			<ymax>380</ymax>
		</bndbox>
	</object>
</annotation>
