<annotation>
	<folder>images</folder>
	<filename>199.jpg</filename>
	<path>C:\Users\Acer\Documents\Project\images\199.jpg</path>
	<source>
		<database>Unknown</database>
	</source>
	<size>
		<width>640</width>
		<height>320</height>
		<depth>3</depth>
	</size>
	<segmented>0</segmented>
	<object>
		<name>Gun</name>
		<pose>Unspecified</pose>
		<truncated>0</truncated>
		<difficult>0</difficult>
		<bndbox>
			<xmin>272</xmin>
			<ymin>237</ymin>
			<xmax>305</xmax>
			<ymax>299</ymax>
		</bndbox>
	</object>
	<object>
		<name>Gun</name>
		<pose>Unspecified</pose>
		<truncated>0</truncated>
		<difficult>0</difficult>
		<bndbox>
			<xmin>400</xmin>
			<ymin>209</ymin>
			<xmax>439</xmax>
			<ymax>275</ymax>
		</bndbox>
	</object>
</annotation>
