<annotation>
	<folder>images</folder>
	<filename>2.jpg</filename>
	<path>C:\Users\Acer\Documents\Project\images\2.jpg</path>
	<source>
		<database>Unknown</database>
	</source>
	<size>
		<width>640</width>
		<height>480</height>
		<depth>3</depth>
	</size>
	<segmented>0</segmented>
	<object>
		<name>Gun</name>
		<pose>Unspecified</pose>
		<truncated>0</truncated>
		<difficult>0</difficult>
		<bndbox>
			<xmin>143</xmin>
			<ymin>235</ymin>
			<xmax>335</xmax>
			<ymax>434</ymax>
		</bndbox>
	</object>
	<object>
		<name>Gun</name>
		<pose>Unspecified</pose>
		<truncated>0</truncated>
		<difficult>0</difficult>
		<bndbox>
			<xmin>309</xmin>
			<ymin>63</ymin>
			<xmax>366</xmax>
			<ymax>293</ymax>
		</bndbox>
	</object>
	<object>
		<name>Gun</name>
		<pose>Unspecified</pose>
		<truncated>0</truncated>
		<difficult>0</difficult>
		<bndbox>
			<xmin>250</xmin>
			<ymin>57</ymin>
			<xmax>329</xmax>
			<ymax>292</ymax>
		</bndbox>
	</object>
</annotation>
