<annotation>
	<folder>images</folder>
	<filename>201.jpg</filename>
	<path>C:\Users\Acer\Documents\Project\images\201.jpg</path>
	<source>
		<database>Unknown</database>
	</source>
	<size>
		<width>603</width>
		<height>480</height>
		<depth>3</depth>
	</size>
	<segmented>0</segmented>
	<object>
		<name>Gun</name>
		<pose>Unspecified</pose>
		<truncated>0</truncated>
		<difficult>0</difficult>
		<bndbox>
			<xmin>40</xmin>
			<ymin>154</ymin>
			<xmax>242</xmax>
			<ymax>359</ymax>
		</bndbox>
	</object>
</annotation>
