<annotation>
	<folder>images</folder>
	<filename>204.jpg</filename>
	<path>C:\Users\Acer\Documents\Project\images\204.jpg</path>
	<source>
		<database>Unknown</database>
	</source>
	<size>
		<width>640</width>
		<height>346</height>
		<depth>3</depth>
	</size>
	<segmented>0</segmented>
	<object>
		<name>Gun</name>
		<pose>Unspecified</pose>
		<truncated>0</truncated>
		<difficult>0</difficult>
		<bndbox>
			<xmin>212</xmin>
			<ymin>68</ymin>
			<xmax>625</xmax>
			<ymax>171</ymax>
		</bndbox>
	</object>
</annotation>
