<annotation>
	<folder>images</folder>
	<filename>205.jpg</filename>
	<path>C:\Users\Acer\Documents\Project\images\205.jpg</path>
	<source>
		<database>Unknown</database>
	</source>
	<size>
		<width>565</width>
		<height>480</height>
		<depth>3</depth>
	</size>
	<segmented>0</segmented>
	<object>
		<name>Gun</name>
		<pose>Unspecified</pose>
		<truncated>0</truncated>
		<difficult>0</difficult>
		<bndbox>
			<xmin>286</xmin>
			<ymin>91</ymin>
			<xmax>437</xmax>
			<ymax>423</ymax>
		</bndbox>
	</object>
</annotation>
