<annotation>
	<folder>images</folder>
	<filename>21.png</filename>
	<path>C:\Users\Acer\Documents\Project\images\21.png</path>
	<source>
		<database>Unknown</database>
	</source>
	<size>
		<width>384</width>
		<height>640</height>
		<depth>3</depth>
	</size>
	<segmented>0</segmented>
	<object>
		<name>Gun</name>
		<pose>Unspecified</pose>
		<truncated>0</truncated>
		<difficult>0</difficult>
		<bndbox>
			<xmin>266</xmin>
			<ymin>86</ymin>
			<xmax>364</xmax>
			<ymax>178</ymax>
		</bndbox>
	</object>
</annotation>
