<annotation>
	<folder>images</folder>
	<filename>211.jpg</filename>
	<path>C:\Users\Acer\Documents\Project\images\211.jpg</path>
	<source>
		<database>Unknown</database>
	</source>
	<size>
		<width>480</width>
		<height>480</height>
		<depth>3</depth>
	</size>
	<segmented>0</segmented>
	<object>
		<name>Gun</name>
		<pose>Unspecified</pose>
		<truncated>0</truncated>
		<difficult>0</difficult>
		<bndbox>
			<xmin>40</xmin>
			<ymin>109</ymin>
			<xmax>439</xmax>
			<ymax>368</ymax>
		</bndbox>
	</object>
</annotation>
