<annotation>
	<folder>images</folder>
	<filename>217.png</filename>
	<path>C:\Users\Acer\Documents\Project\images\217.png</path>
	<source>
		<database>Unknown</database>
	</source>
	<size>
		<width>640</width>
		<height>361</height>
		<depth>3</depth>
	</size>
	<segmented>0</segmented>
	<object>
		<name>Gun</name>
		<pose>Unspecified</pose>
		<truncated>0</truncated>
		<difficult>0</difficult>
		<bndbox>
			<xmin>67</xmin>
			<ymin>81</ymin>
			<xmax>305</xmax>
			<ymax>267</ymax>
		</bndbox>
	</object>
	<object>
		<name>Gun</name>
		<pose>Unspecified</pose>
		<truncated>0</truncated>
		<difficult>0</difficult>
		<bndbox>
			<xmin>350</xmin>
			<ymin>77</ymin>
			<xmax>635</xmax>
			<ymax>271</ymax>
		</bndbox>
	</object>
</annotation>
