<annotation>
	<folder>images</folder>
	<filename>218.png</filename>
	<path>C:\Users\Acer\Documents\Project\images\218.png</path>
	<source>
		<database>Unknown</database>
	</source>
	<size>
		<width>640</width>
		<height>412</height>
		<depth>3</depth>
	</size>
	<segmented>0</segmented>
	<object>
		<name>Gun</name>
		<pose>Unspecified</pose>
		<truncated>0</truncated>
		<difficult>0</difficult>
		<bndbox>
			<xmin>22</xmin>
			<ymin>19</ymin>
			<xmax>610</xmax>
			<ymax>265</ymax>
		</bndbox>
	</object>
</annotation>
