<annotation>
	<folder>images</folder>
	<filename>222.jpg</filename>
	<path>C:\Users\Acer\Documents\Project\images\222.jpg</path>
	<source>
		<database>Unknown</database>
	</source>
	<size>
		<width>640</width>
		<height>427</height>
		<depth>3</depth>
	</size>
	<segmented>0</segmented>
	<object>
		<name>Gun</name>
		<pose>Unspecified</pose>
		<truncated>0</truncated>
		<difficult>0</difficult>
		<bndbox>
			<xmin>167</xmin>
			<ymin>6</ymin>
			<xmax>628</xmax>
			<ymax>395</ymax>
		</bndbox>
	</object>
</annotation>
