<annotation>
	<folder>images</folder>
	<filename>224.jpg</filename>
	<path>C:\Users\Acer\Documents\Project\images\224.jpg</path>
	<source>
		<database>Unknown</database>
	</source>
	<size>
		<width>640</width>
		<height>426</height>
		<depth>3</depth>
	</size>
	<segmented>0</segmented>
	<object>
		<name>Gun</name>
		<pose>Unspecified</pose>
		<truncated>0</truncated>
		<difficult>0</difficult>
		<bndbox>
			<xmin>193</xmin>
			<ymin>147</ymin>
			<xmax>245</xmax>
			<ymax>254</ymax>
		</bndbox>
	</object>
</annotation>
