<annotation>
	<folder>images</folder>
	<filename>227.jpg</filename>
	<path>C:\Users\Acer\Documents\Project\images\227.jpg</path>
	<source>
		<database>Unknown</database>
	</source>
	<size>
		<width>640</width>
		<height>394</height>
		<depth>3</depth>
	</size>
	<segmented>0</segmented>
	<object>
		<name>Gun</name>
		<pose>Unspecified</pose>
		<truncated>0</truncated>
		<difficult>0</difficult>
		<bndbox>
			<xmin>64</xmin>
			<ymin>39</ymin>
			<xmax>566</xmax>
			<ymax>381</ymax>
		</bndbox>
	</object>
</annotation>
