<annotation>
	<folder>images</folder>
	<filename>228.jpg</filename>
	<path>C:\Users\Acer\Documents\Project\images\228.jpg</path>
	<source>
		<database>Unknown</database>
	</source>
	<size>
		<width>640</width>
		<height>428</height>
		<depth>3</depth>
	</size>
	<segmented>0</segmented>
	<object>
		<name>Gun</name>
		<pose>Unspecified</pose>
		<truncated>0</truncated>
		<difficult>0</difficult>
		<bndbox>
			<xmin>237</xmin>
			<ymin>102</ymin>
			<xmax>614</xmax>
			<ymax>328</ymax>
		</bndbox>
	</object>
	<object>
		<name>Gun</name>
		<pose>Unspecified</pose>
		<truncated>0</truncated>
		<difficult>0</difficult>
		<bndbox>
			<xmin>291</xmin>
			<ymin>175</ymin>
			<xmax>408</xmax>
			<ymax>246</ymax>
		</bndbox>
	</object>
	<object>
		<name>Gun</name>
		<pose>Unspecified</pose>
		<truncated>0</truncated>
		<difficult>0</difficult>
		<bndbox>
			<xmin>429</xmin>
			<ymin>257</ymin>
			<xmax>537</xmax>
			<ymax>316</ymax>
		</bndbox>
	</object>
</annotation>
