<annotation>
	<folder>images</folder>
	<filename>23.jpg</filename>
	<path>C:\Users\Acer\Documents\Project\images\23.jpg</path>
	<source>
		<database>Unknown</database>
	</source>
	<size>
		<width>640</width>
		<height>426</height>
		<depth>3</depth>
	</size>
	<segmented>0</segmented>
	<object>
		<name>Gun</name>
		<pose>Unspecified</pose>
		<truncated>0</truncated>
		<difficult>0</difficult>
		<bndbox>
			<xmin>333</xmin>
			<ymin>116</ymin>
			<xmax>453</xmax>
			<ymax>406</ymax>
		</bndbox>
	</object>
	<object>
		<name>Gun</name>
		<pose>Unspecified</pose>
		<truncated>0</truncated>
		<difficult>0</difficult>
		<bndbox>
			<xmin>260</xmin>
			<ymin>170</ymin>
			<xmax>337</xmax>
			<ymax>314</ymax>
		</bndbox>
	</object>
	<object>
		<name>Gun</name>
		<pose>Unspecified</pose>
		<truncated>0</truncated>
		<difficult>0</difficult>
		<bndbox>
			<xmin>200</xmin>
			<ymin>72</ymin>
			<xmax>246</xmax>
			<ymax>90</ymax>
		</bndbox>
	</object>
</annotation>
