<annotation>
	<folder>images</folder>
	<filename>230.jpg</filename>
	<path>C:\Users\Acer\Documents\Project\images\230.jpg</path>
	<source>
		<database>Unknown</database>
	</source>
	<size>
		<width>593</width>
		<height>480</height>
		<depth>3</depth>
	</size>
	<segmented>0</segmented>
	<object>
		<name>Gun</name>
		<pose>Unspecified</pose>
		<truncated>1</truncated>
		<difficult>0</difficult>
		<bndbox>
			<xmin>179</xmin>
			<ymin>200</ymin>
			<xmax>593</xmax>
			<ymax>389</ymax>
		</bndbox>
	</object>
</annotation>
