<annotation>
	<folder>images</folder>
	<filename>231.jpg</filename>
	<path>C:\Users\Acer\Documents\Project\images\231.jpg</path>
	<source>
		<database>Unknown</database>
	</source>
	<size>
		<width>640</width>
		<height>361</height>
		<depth>3</depth>
	</size>
	<segmented>0</segmented>
	<object>
		<name>Gun</name>
		<pose>Unspecified</pose>
		<truncated>0</truncated>
		<difficult>0</difficult>
		<bndbox>
			<xmin>179</xmin>
			<ymin>86</ymin>
			<xmax>249</xmax>
			<ymax>291</ymax>
		</bndbox>
	</object>
	<object>
		<name>Gun</name>
		<pose>Unspecified</pose>
		<truncated>0</truncated>
		<difficult>0</difficult>
		<bndbox>
			<xmin>74</xmin>
			<ymin>116</ymin>
			<xmax>166</xmax>
			<ymax>307</ymax>
		</bndbox>
	</object>
</annotation>
