<annotation>
	<folder>images</folder>
	<filename>25.jpg</filename>
	<path>C:\Users\Acer\Documents\Project\images\25.jpg</path>
	<source>
		<database>Unknown</database>
	</source>
	<size>
		<width>480</width>
		<height>535</height>
		<depth>3</depth>
	</size>
	<segmented>0</segmented>
	<object>
		<name>Gun</name>
		<pose>Unspecified</pose>
		<truncated>0</truncated>
		<difficult>0</difficult>
		<bndbox>
			<xmin>152</xmin>
			<ymin>181</ymin>
			<xmax>326</xmax>
			<ymax>289</ymax>
		</bndbox>
	</object>
</annotation>
