<annotation verified="yes">
	<folder>images</folder>
	<filename>3.jpg</filename>
	<path>C:\Users\Acer\Documents\Project\images\3.jpg</path>
	<source>
		<database>Unknown</database>
	</source>
	<size>
		<width>640</width>
		<height>457</height>
		<depth>3</depth>
	</size>
	<segmented>0</segmented>
	<object>
		<name>Gun</name>
		<pose>Unspecified</pose>
		<truncated>0</truncated>
		<difficult>0</difficult>
		<bndbox>
			<xmin>46</xmin>
			<ymin>143</ymin>
			<xmax>149</xmax>
			<ymax>349</ymax>
		</bndbox>
	</object>
	<object>
		<name>Gun</name>
		<pose>Unspecified</pose>
		<truncated>0</truncated>
		<difficult>0</difficult>
		<bndbox>
			<xmin>200</xmin>
			<ymin>71</ymin>
			<xmax>339</xmax>
			<ymax>298</ymax>
		</bndbox>
	</object>
</annotation>
