<annotation verified="yes">
	<folder>images</folder>
	<filename>32.jpg</filename>
	<path>C:\Users\Acer\Documents\Project\images\32.jpg</path>
	<source>
		<database>Unknown</database>
	</source>
	<size>
		<width>750</width>
		<height>563</height>
		<depth>3</depth>
	</size>
	<segmented>0</segmented>
	<object>
		<name>Gun</name>
		<pose>Unspecified</pose>
		<truncated>0</truncated>
		<difficult>0</difficult>
		<bndbox>
			<xmin>152</xmin>
			<ymin>56</ymin>
			<xmax>735</xmax>
			<ymax>501</ymax>
		</bndbox>
	</object>
</annotation>
