<annotation verified="yes">
	<folder>images</folder>
	<filename>33.jpg</filename>
	<path>C:\Users\Acer\Documents\Project\images\33.jpg</path>
	<source>
		<database>Unknown</database>
	</source>
	<size>
		<width>640</width>
		<height>432</height>
		<depth>3</depth>
	</size>
	<segmented>0</segmented>
	<object>
		<name>Gun</name>
		<pose>Unspecified</pose>
		<truncated>0</truncated>
		<difficult>0</difficult>
		<bndbox>
			<xmin>23</xmin>
			<ymin>41</ymin>
			<xmax>579</xmax>
			<ymax>415</ymax>
		</bndbox>
	</object>
</annotation>
