<annotation verified="yes">
	<folder>images</folder>
	<filename>34.jpg</filename>
	<path>C:\Users\Acer\Documents\Project\images\34.jpg</path>
	<source>
		<database>Unknown</database>
	</source>
	<size>
		<width>640</width>
		<height>320</height>
		<depth>3</depth>
	</size>
	<segmented>0</segmented>
	<object>
		<name>Gun</name>
		<pose>Unspecified</pose>
		<truncated>0</truncated>
		<difficult>0</difficult>
		<bndbox>
			<xmin>194</xmin>
			<ymin>54</ymin>
			<xmax>376</xmax>
			<ymax>114</ymax>
		</bndbox>
	</object>
</annotation>
