<annotation verified="yes">
	<folder>images</folder>
	<filename>35.jpg</filename>
	<path>C:\Users\Acer\Documents\Project\images\35.jpg</path>
	<source>
		<database>Unknown</database>
	</source>
	<size>
		<width>640</width>
		<height>427</height>
		<depth>3</depth>
	</size>
	<segmented>0</segmented>
	<object>
		<name>Gun</name>
		<pose>Unspecified</pose>
		<truncated>0</truncated>
		<difficult>0</difficult>
		<bndbox>
			<xmin>127</xmin>
			<ymin>72</ymin>
			<xmax>470</xmax>
			<ymax>340</ymax>
		</bndbox>
	</object>
</annotation>
