<annotation verified="yes">
	<folder>images</folder>
	<filename>39.jpg</filename>
	<path>C:\Users\Acer\Documents\Project\images\39.jpg</path>
	<source>
		<database>Unknown</database>
	</source>
	<size>
		<width>640</width>
		<height>356</height>
		<depth>3</depth>
	</size>
	<segmented>0</segmented>
	<object>
		<name>Gun</name>
		<pose>Unspecified</pose>
		<truncated>0</truncated>
		<difficult>0</difficult>
		<bndbox>
			<xmin>293</xmin>
			<ymin>142</ymin>
			<xmax>341</xmax>
			<ymax>243</ymax>
		</bndbox>
	</object>
	<object>
		<name>Gun</name>
		<pose>Unspecified</pose>
		<truncated>0</truncated>
		<difficult>0</difficult>
		<bndbox>
			<xmin>430</xmin>
			<ymin>132</ymin>
			<xmax>481</xmax>
			<ymax>229</ymax>
		</bndbox>
	</object>
</annotation>
