<annotation verified="yes">
	<folder>images</folder>
	<filename>4.jpg</filename>
	<path>C:\Users\Acer\Documents\Project\images\4.jpg</path>
	<source>
		<database>Unknown</database>
	</source>
	<size>
		<width>623</width>
		<height>480</height>
		<depth>3</depth>
	</size>
	<segmented>0</segmented>
	<object>
		<name>Gun</name>
		<pose>Unspecified</pose>
		<truncated>0</truncated>
		<difficult>0</difficult>
		<bndbox>
			<xmin>46</xmin>
			<ymin>156</ymin>
			<xmax>245</xmax>
			<ymax>479</ymax>
		</bndbox>
	</object>
</annotation>
