<annotation verified="yes">
	<folder>images</folder>
	<filename>41.jpg</filename>
	<path>C:\Users\Acer\Documents\Project\images\41.jpg</path>
	<source>
		<database>Unknown</database>
	</source>
	<size>
		<width>480</width>
		<height>490</height>
		<depth>3</depth>
	</size>
	<segmented>0</segmented>
	<object>
		<name>Gun</name>
		<pose>Unspecified</pose>
		<truncated>0</truncated>
		<difficult>0</difficult>
		<bndbox>
			<xmin>154</xmin>
			<ymin>300</ymin>
			<xmax>219</xmax>
			<ymax>389</ymax>
		</bndbox>
	</object>
</annotation>
