<annotation verified="yes">
	<folder>images</folder>
	<filename>45.jpg</filename>
	<path>C:\Users\Acer\Documents\Project\images\45.jpg</path>
	<source>
		<database>Unknown</database>
	</source>
	<size>
		<width>640</width>
		<height>360</height>
		<depth>3</depth>
	</size>
	<segmented>0</segmented>
	<object>
		<name>Gun</name>
		<pose>Unspecified</pose>
		<truncated>0</truncated>
		<difficult>0</difficult>
		<bndbox>
			<xmin>5</xmin>
			<ymin>63</ymin>
			<xmax>317</xmax>
			<ymax>303</ymax>
		</bndbox>
	</object>
	<object>
		<name>Gun</name>
		<pose>Unspecified</pose>
		<truncated>0</truncated>
		<difficult>0</difficult>
		<bndbox>
			<xmin>323</xmin>
			<ymin>61</ymin>
			<xmax>636</xmax>
			<ymax>298</ymax>
		</bndbox>
	</object>
</annotation>
