<annotation verified="yes">
	<folder>images</folder>
	<filename>46.jpg</filename>
	<path>C:\Users\Acer\Documents\Project\images\46.jpg</path>
	<source>
		<database>Unknown</database>
	</source>
	<size>
		<width>480</width>
		<height>640</height>
		<depth>3</depth>
	</size>
	<segmented>0</segmented>
	<object>
		<name>Gun</name>
		<pose>Unspecified</pose>
		<truncated>1</truncated>
		<difficult>0</difficult>
		<bndbox>
			<xmin>314</xmin>
			<ymin>295</ymin>
			<xmax>480</xmax>
			<ymax>484</ymax>
		</bndbox>
	</object>
	<object>
		<name>Gun</name>
		<pose>Unspecified</pose>
		<truncated>0</truncated>
		<difficult>0</difficult>
		<bndbox>
			<xmin>18</xmin>
			<ymin>231</ymin>
			<xmax>167</xmax>
			<ymax>515</ymax>
		</bndbox>
	</object>
	<object>
		<name>Gun</name>
		<pose>Unspecified</pose>
		<truncated>0</truncated>
		<difficult>0</difficult>
		<bndbox>
			<xmin>183</xmin>
			<ymin>144</ymin>
			<xmax>248</xmax>
			<ymax>367</ymax>
		</bndbox>
	</object>
</annotation>
