<annotation verified="yes">
	<folder>images</folder>
	<filename>47.jpeg</filename>
	<path>C:\Users\Acer\Documents\Project\images\47.jpeg</path>
	<source>
		<database>Unknown</database>
	</source>
	<size>
		<width>640</width>
		<height>426</height>
		<depth>3</depth>
	</size>
	<segmented>0</segmented>
	<object>
		<name>Gun</name>
		<pose>Unspecified</pose>
		<truncated>1</truncated>
		<difficult>0</difficult>
		<bndbox>
			<xmin>38</xmin>
			<ymin>3</ymin>
			<xmax>313</xmax>
			<ymax>426</ymax>
		</bndbox>
	</object>
</annotation>
