<annotation verified="yes">
	<folder>images</folder>
	<filename>5.jpeg</filename>
	<path>C:\Users\Acer\Documents\Project\images\5.jpeg</path>
	<source>
		<database>Unknown</database>
	</source>
	<size>
		<width>640</width>
		<height>427</height>
		<depth>3</depth>
	</size>
	<segmented>0</segmented>
	<object>
		<name>Gun</name>
		<pose>Unspecified</pose>
		<truncated>0</truncated>
		<difficult>0</difficult>
		<bndbox>
			<xmin>277</xmin>
			<ymin>154</ymin>
			<xmax>537</xmax>
			<ymax>376</ymax>
		</bndbox>
	</object>
</annotation>
