<annotation verified="yes">
	<folder>images</folder>
	<filename>57.jpg</filename>
	<path>C:\Users\Acer\Documents\Project\images\57.jpg</path>
	<source>
		<database>Unknown</database>
	</source>
	<size>
		<width>640</width>
		<height>427</height>
		<depth>3</depth>
	</size>
	<segmented>0</segmented>
	<object>
		<name>Gun</name>
		<pose>Unspecified</pose>
		<truncated>0</truncated>
		<difficult>0</difficult>
		<bndbox>
			<xmin>34</xmin>
			<ymin>146</ymin>
			<xmax>616</xmax>
			<ymax>265</ymax>
		</bndbox>
	</object>
</annotation>
