<annotation verified="yes">
	<folder>images</folder>
	<filename>58.jpg</filename>
	<path>C:\Users\Acer\Documents\Project\images\58.jpg</path>
	<source>
		<database>Unknown</database>
	</source>
	<size>
		<width>640</width>
		<height>427</height>
		<depth>3</depth>
	</size>
	<segmented>0</segmented>
	<object>
		<name>Gun</name>
		<pose>Unspecified</pose>
		<truncated>0</truncated>
		<difficult>0</difficult>
		<bndbox>
			<xmin>448</xmin>
			<ymin>134</ymin>
			<xmax>482</xmax>
			<ymax>190</ymax>
		</bndbox>
	</object>
</annotation>
