<annotation verified="yes">
	<folder>images</folder>
	<filename>59.jpg</filename>
	<path>C:\Users\Acer\Documents\Project\images\59.jpg</path>
	<source>
		<database>Unknown</database>
	</source>
	<size>
		<width>640</width>
		<height>480</height>
		<depth>3</depth>
	</size>
	<segmented>0</segmented>
	<object>
		<name>Gun</name>
		<pose>Unspecified</pose>
		<truncated>0</truncated>
		<difficult>0</difficult>
		<bndbox>
			<xmin>64</xmin>
			<ymin>76</ymin>
			<xmax>307</xmax>
			<ymax>229</ymax>
		</bndbox>
	</object>
	<object>
		<name>Gun</name>
		<pose>Unspecified</pose>
		<truncated>0</truncated>
		<difficult>0</difficult>
		<bndbox>
			<xmin>319</xmin>
			<ymin>68</ymin>
			<xmax>551</xmax>
			<ymax>234</ymax>
		</bndbox>
	</object>
	<object>
		<name>Gun</name>
		<pose>Unspecified</pose>
		<truncated>0</truncated>
		<difficult>0</difficult>
		<bndbox>
			<xmin>472</xmin>
			<ymin>167</ymin>
			<xmax>630</xmax>
			<ymax>410</ymax>
		</bndbox>
	</object>
</annotation>
