<annotation verified="yes">
	<folder>images</folder>
	<filename>6.jpg</filename>
	<path>C:\Users\Acer\Documents\Project\images\6.jpg</path>
	<source>
		<database>Unknown</database>
	</source>
	<size>
		<width>640</width>
		<height>453</height>
		<depth>3</depth>
	</size>
	<segmented>0</segmented>
	<object>
		<name>Gun</name>
		<pose>Unspecified</pose>
		<truncated>0</truncated>
		<difficult>0</difficult>
		<bndbox>
			<xmin>24</xmin>
			<ymin>25</ymin>
			<xmax>636</xmax>
			<ymax>419</ymax>
		</bndbox>
	</object>
</annotation>
