<annotation verified="yes">
	<folder>images</folder>
	<filename>62.png</filename>
	<path>C:\Users\Acer\Documents\Project\images\62.png</path>
	<source>
		<database>Unknown</database>
	</source>
	<size>
		<width>640</width>
		<height>186</height>
		<depth>3</depth>
	</size>
	<segmented>0</segmented>
	<object>
		<name>Gun</name>
		<pose>Unspecified</pose>
		<truncated>0</truncated>
		<difficult>0</difficult>
		<bndbox>
			<xmin>122</xmin>
			<ymin>7</ymin>
			<xmax>519</xmax>
			<ymax>176</ymax>
		</bndbox>
	</object>
</annotation>
