<annotation verified="yes">
	<folder>images</folder>
	<filename>64.jpg</filename>
	<path>C:\Users\Acer\Documents\Project\images\64.jpg</path>
	<source>
		<database>Unknown</database>
	</source>
	<size>
		<width>640</width>
		<height>427</height>
		<depth>3</depth>
	</size>
	<segmented>0</segmented>
	<object>
		<name>Gun</name>
		<pose>Unspecified</pose>
		<truncated>1</truncated>
		<difficult>0</difficult>
		<bndbox>
			<xmin>2</xmin>
			<ymin>50</ymin>
			<xmax>640</xmax>
			<ymax>383</ymax>
		</bndbox>
	</object>
</annotation>
