<annotation verified="yes">
	<folder>images</folder>
	<filename>65.jpg</filename>
	<path>C:\Users\Acer\Documents\Project\images\65.jpg</path>
	<source>
		<database>Unknown</database>
	</source>
	<size>
		<width>640</width>
		<height>406</height>
		<depth>3</depth>
	</size>
	<segmented>0</segmented>
	<object>
		<name>Gun</name>
		<pose>Unspecified</pose>
		<truncated>0</truncated>
		<difficult>0</difficult>
		<bndbox>
			<xmin>11</xmin>
			<ymin>158</ymin>
			<xmax>630</xmax>
			<ymax>264</ymax>
		</bndbox>
	</object>
</annotation>
