<annotation verified="yes">
	<folder>images</folder>
	<filename>66.jpg</filename>
	<path>C:\Users\Acer\Documents\Project\images\66.jpg</path>
	<source>
		<database>Unknown</database>
	</source>
	<size>
		<width>480</width>
		<height>480</height>
		<depth>3</depth>
	</size>
	<segmented>0</segmented>
	<object>
		<name>Gun</name>
		<pose>Unspecified</pose>
		<truncated>0</truncated>
		<difficult>0</difficult>
		<bndbox>
			<xmin>15</xmin>
			<ymin>13</ymin>
			<xmax>456</xmax>
			<ymax>470</ymax>
		</bndbox>
	</object>
</annotation>
