<annotation verified="yes">
	<folder>images</folder>
	<filename>67.jpg</filename>
	<path>C:\Users\Acer\Documents\Project\images\67.jpg</path>
	<source>
		<database>Unknown</database>
	</source>
	<size>
		<width>640</width>
		<height>480</height>
		<depth>3</depth>
	</size>
	<segmented>0</segmented>
	<object>
		<name>Gun</name>
		<pose>Unspecified</pose>
		<truncated>0</truncated>
		<difficult>0</difficult>
		<bndbox>
			<xmin>329</xmin>
			<ymin>288</ymin>
			<xmax>354</xmax>
			<ymax>302</ymax>
		</bndbox>
	</object>
</annotation>
