<annotation verified="yes">
	<folder>images</folder>
	<filename>68.jpg</filename>
	<path>C:\Users\Acer\Documents\Project\images\68.jpg</path>
	<source>
		<database>Unknown</database>
	</source>
	<size>
		<width>640</width>
		<height>427</height>
		<depth>3</depth>
	</size>
	<segmented>0</segmented>
	<object>
		<name>Gun</name>
		<pose>Unspecified</pose>
		<truncated>0</truncated>
		<difficult>0</difficult>
		<bndbox>
			<xmin>243</xmin>
			<ymin>201</ymin>
			<xmax>270</xmax>
			<ymax>246</ymax>
		</bndbox>
	</object>
	<object>
		<name>Gun</name>
		<pose>Unspecified</pose>
		<truncated>0</truncated>
		<difficult>0</difficult>
		<bndbox>
			<xmin>292</xmin>
			<ymin>166</ymin>
			<xmax>313</xmax>
			<ymax>200</ymax>
		</bndbox>
	</object>
</annotation>
