<annotation verified="yes">
	<folder>images</folder>
	<filename>7.jpg</filename>
	<path>C:\Users\Acer\Documents\Project\images\7.jpg</path>
	<source>
		<database>Unknown</database>
	</source>
	<size>
		<width>640</width>
		<height>413</height>
		<depth>3</depth>
	</size>
	<segmented>0</segmented>
	<object>
		<name>Gun</name>
		<pose>Unspecified</pose>
		<truncated>0</truncated>
		<difficult>0</difficult>
		<bndbox>
			<xmin>508</xmin>
			<ymin>126</ymin>
			<xmax>638</xmax>
			<ymax>320</ymax>
		</bndbox>
	</object>
</annotation>
