<annotation verified="yes">
	<folder>images</folder>
	<filename>71.jpg</filename>
	<path>C:\Users\Acer\Documents\Project\images\71.jpg</path>
	<source>
		<database>Unknown</database>
	</source>
	<size>
		<width>640</width>
		<height>427</height>
		<depth>3</depth>
	</size>
	<segmented>0</segmented>
	<object>
		<name>Gun</name>
		<pose>Unspecified</pose>
		<truncated>0</truncated>
		<difficult>0</difficult>
		<bndbox>
			<xmin>67</xmin>
			<ymin>117</ymin>
			<xmax>441</xmax>
			<ymax>224</ymax>
		</bndbox>
	</object>
</annotation>
