<annotation verified="yes">
	<folder>images</folder>
	<filename>72.jpg</filename>
	<path>C:\Users\Acer\Documents\Project\images\72.jpg</path>
	<source>
		<database>Unknown</database>
	</source>
	<size>
		<width>480</width>
		<height>504</height>
		<depth>3</depth>
	</size>
	<segmented>0</segmented>
	<object>
		<name>Gun</name>
		<pose>Unspecified</pose>
		<truncated>0</truncated>
		<difficult>0</difficult>
		<bndbox>
			<xmin>234</xmin>
			<ymin>64</ymin>
			<xmax>281</xmax>
			<ymax>104</ymax>
		</bndbox>
	</object>
</annotation>
