<annotation verified="yes">
	<folder>images</folder>
	<filename>74.jpg</filename>
	<path>C:\Users\Acer\Documents\Project\images\74.jpg</path>
	<source>
		<database>Unknown</database>
	</source>
	<size>
		<width>640</width>
		<height>457</height>
		<depth>3</depth>
	</size>
	<segmented>0</segmented>
	<object>
		<name>Gun</name>
		<pose>Unspecified</pose>
		<truncated>0</truncated>
		<difficult>0</difficult>
		<bndbox>
			<xmin>158</xmin>
			<ymin>196</ymin>
			<xmax>502</xmax>
			<ymax>442</ymax>
		</bndbox>
	</object>
	<object>
		<name>Gun</name>
		<pose>Unspecified</pose>
		<truncated>1</truncated>
		<difficult>0</difficult>
		<bndbox>
			<xmin>284</xmin>
			<ymin>366</ymin>
			<xmax>472</xmax>
			<ymax>457</ymax>
		</bndbox>
	</object>
</annotation>
