<annotation verified="yes">
	<folder>images</folder>
	<filename>75.jpg</filename>
	<path>C:\Users\Acer\Documents\Project\images\75.jpg</path>
	<source>
		<database>Unknown</database>
	</source>
	<size>
		<width>640</width>
		<height>427</height>
		<depth>3</depth>
	</size>
	<segmented>0</segmented>
	<object>
		<name>Gun</name>
		<pose>Unspecified</pose>
		<truncated>0</truncated>
		<difficult>0</difficult>
		<bndbox>
			<xmin>330</xmin>
			<ymin>149</ymin>
			<xmax>457</xmax>
			<ymax>253</ymax>
		</bndbox>
	</object>
</annotation>
