<annotation verified="yes">
	<folder>images</folder>
	<filename>76.jpg</filename>
	<path>C:\Users\Acer\Documents\Project\images\76.jpg</path>
	<source>
		<database>Unknown</database>
	</source>
	<size>
		<width>640</width>
		<height>384</height>
		<depth>3</depth>
	</size>
	<segmented>0</segmented>
	<object>
		<name>Gun</name>
		<pose>Unspecified</pose>
		<truncated>0</truncated>
		<difficult>0</difficult>
		<bndbox>
			<xmin>48</xmin>
			<ymin>107</ymin>
			<xmax>608</xmax>
			<ymax>373</ymax>
		</bndbox>
	</object>
</annotation>
