<annotation verified="yes">
	<folder>images</folder>
	<filename>77.jpg</filename>
	<path>C:\Users\Acer\Documents\Project\images\77.jpg</path>
	<source>
		<database>Unknown</database>
	</source>
	<size>
		<width>640</width>
		<height>386</height>
		<depth>3</depth>
	</size>
	<segmented>0</segmented>
	<object>
		<name>Gun</name>
		<pose>Unspecified</pose>
		<truncated>0</truncated>
		<difficult>0</difficult>
		<bndbox>
			<xmin>272</xmin>
			<ymin>23</ymin>
			<xmax>449</xmax>
			<ymax>317</ymax>
		</bndbox>
	</object>
	<object>
		<name>Gun</name>
		<pose>Unspecified</pose>
		<truncated>0</truncated>
		<difficult>0</difficult>
		<bndbox>
			<xmin>49</xmin>
			<ymin>157</ymin>
			<xmax>188</xmax>
			<ymax>373</ymax>
		</bndbox>
	</object>
</annotation>
