<annotation verified="yes">
	<folder>images</folder>
	<filename>78.jpg</filename>
	<path>C:\Users\Acer\Documents\Project\images\78.jpg</path>
	<source>
		<database>Unknown</database>
	</source>
	<size>
		<width>640</width>
		<height>368</height>
		<depth>1</depth>
	</size>
	<segmented>0</segmented>
	<object>
		<name>Gun</name>
		<pose>Unspecified</pose>
		<truncated>1</truncated>
		<difficult>0</difficult>
		<bndbox>
			<xmin>28</xmin>
			<ymin>3</ymin>
			<xmax>568</xmax>
			<ymax>368</ymax>
		</bndbox>
	</object>
</annotation>
