<annotation verified="yes">
	<folder>images</folder>
	<filename>8.jpg</filename>
	<path>C:\Users\Acer\Documents\Project\images\8.jpg</path>
	<source>
		<database>Unknown</database>
	</source>
	<size>
		<width>640</width>
		<height>427</height>
		<depth>3</depth>
	</size>
	<segmented>0</segmented>
	<object>
		<name>Gun</name>
		<pose>Unspecified</pose>
		<truncated>0</truncated>
		<difficult>0</difficult>
		<bndbox>
			<xmin>274</xmin>
			<ymin>206</ymin>
			<xmax>345</xmax>
			<ymax>328</ymax>
		</bndbox>
	</object>
	<object>
		<name>Gun</name>
		<pose>Unspecified</pose>
		<truncated>0</truncated>
		<difficult>0</difficult>
		<bndbox>
			<xmin>387</xmin>
			<ymin>189</ymin>
			<xmax>472</xmax>
			<ymax>379</ymax>
		</bndbox>
	</object>
</annotation>
