<annotation verified="yes">
	<folder>images</folder>
	<filename>80.jpg</filename>
	<path>C:\Users\Acer\Documents\Project\images\80.jpg</path>
	<source>
		<database>Unknown</database>
	</source>
	<size>
		<width>640</width>
		<height>427</height>
		<depth>3</depth>
	</size>
	<segmented>0</segmented>
	<object>
		<name>Gun</name>
		<pose>Unspecified</pose>
		<truncated>0</truncated>
		<difficult>0</difficult>
		<bndbox>
			<xmin>190</xmin>
			<ymin>140</ymin>
			<xmax>510</xmax>
			<ymax>357</ymax>
		</bndbox>
	</object>
	<object>
		<name>Gun</name>
		<pose>Unspecified</pose>
		<truncated>1</truncated>
		<difficult>0</difficult>
		<bndbox>
			<xmin>54</xmin>
			<ymin>320</ymin>
			<xmax>91</xmax>
			<ymax>427</ymax>
		</bndbox>
	</object>
</annotation>
