<annotation verified="yes">
	<folder>images</folder>
	<filename>82.jpg</filename>
	<path>C:\Users\Acer\Documents\Project\images\82.jpg</path>
	<source>
		<database>Unknown</database>
	</source>
	<size>
		<width>640</width>
		<height>385</height>
		<depth>3</depth>
	</size>
	<segmented>0</segmented>
	<object>
		<name>Gun</name>
		<pose>Unspecified</pose>
		<truncated>0</truncated>
		<difficult>0</difficult>
		<bndbox>
			<xmin>98</xmin>
			<ymin>96</ymin>
			<xmax>149</xmax>
			<ymax>248</ymax>
		</bndbox>
	</object>
</annotation>
