<annotation verified="yes">
	<folder>images</folder>
	<filename>83.jpg</filename>
	<path>C:\Users\Acer\Documents\Project\images\83.jpg</path>
	<source>
		<database>Unknown</database>
	</source>
	<size>
		<width>480</width>
		<height>480</height>
		<depth>1</depth>
	</size>
	<segmented>0</segmented>
	<object>
		<name>Gun</name>
		<pose>Unspecified</pose>
		<truncated>0</truncated>
		<difficult>0</difficult>
		<bndbox>
			<xmin>51</xmin>
			<ymin>96</ymin>
			<xmax>422</xmax>
			<ymax>391</ymax>
		</bndbox>
	</object>
</annotation>
