<annotation verified="yes">
	<folder>images</folder>
	<filename>84.png</filename>
	<path>C:\Users\Acer\Documents\Project\images\84.png</path>
	<source>
		<database>Unknown</database>
	</source>
	<size>
		<width>640</width>
		<height>412</height>
		<depth>3</depth>
	</size>
	<segmented>0</segmented>
	<object>
		<name>Gun</name>
		<pose>Unspecified</pose>
		<truncated>0</truncated>
		<difficult>0</difficult>
		<bndbox>
			<xmin>170</xmin>
			<ymin>17</ymin>
			<xmax>457</xmax>
			<ymax>277</ymax>
		</bndbox>
	</object>
</annotation>
