<annotation verified="yes">
	<folder>images</folder>
	<filename>85.jpg</filename>
	<path>C:\Users\Acer\Documents\Project\images\85.jpg</path>
	<source>
		<database>Unknown</database>
	</source>
	<size>
		<width>640</width>
		<height>427</height>
		<depth>3</depth>
	</size>
	<segmented>0</segmented>
	<object>
		<name>Gun</name>
		<pose>Unspecified</pose>
		<truncated>1</truncated>
		<difficult>0</difficult>
		<bndbox>
			<xmin>358</xmin>
			<ymin>304</ymin>
			<xmax>441</xmax>
			<ymax>427</ymax>
		</bndbox>
	</object>
</annotation>
