<annotation verified="yes">
	<folder>images</folder>
	<filename>86.jpg</filename>
	<path>C:\Users\Acer\Documents\Project\images\86.jpg</path>
	<source>
		<database>Unknown</database>
	</source>
	<size>
		<width>640</width>
		<height>231</height>
		<depth>3</depth>
	</size>
	<segmented>0</segmented>
	<object>
		<name>Gun</name>
		<pose>Unspecified</pose>
		<truncated>0</truncated>
		<difficult>0</difficult>
		<bndbox>
			<xmin>14</xmin>
			<ymin>24</ymin>
			<xmax>626</xmax>
			<ymax>208</ymax>
		</bndbox>
	</object>
</annotation>
