<annotation verified="yes">
	<folder>images</folder>
	<filename>87.jpg</filename>
	<path>C:\Users\Acer\Documents\Project\images\87.jpg</path>
	<source>
		<database>Unknown</database>
	</source>
	<size>
		<width>640</width>
		<height>213</height>
		<depth>3</depth>
	</size>
	<segmented>0</segmented>
	<object>
		<name>Gun</name>
		<pose>Unspecified</pose>
		<truncated>0</truncated>
		<difficult>0</difficult>
		<bndbox>
			<xmin>102</xmin>
			<ymin>20</ymin>
			<xmax>305</xmax>
			<ymax>199</ymax>
		</bndbox>
	</object>
</annotation>
