<annotation verified="yes">
	<folder>images</folder>
	<filename>88.jpg</filename>
	<path>C:\Users\Acer\Documents\Project\images\88.jpg</path>
	<source>
		<database>Unknown</database>
	</source>
	<size>
		<width>640</width>
		<height>425</height>
		<depth>3</depth>
	</size>
	<segmented>0</segmented>
	<object>
		<name>Gun</name>
		<pose>Unspecified</pose>
		<truncated>0</truncated>
		<difficult>0</difficult>
		<bndbox>
			<xmin>91</xmin>
			<ymin>146</ymin>
			<xmax>553</xmax>
			<ymax>300</ymax>
		</bndbox>
	</object>
</annotation>
