<annotation verified="yes">
	<folder>images</folder>
	<filename>89.jpg</filename>
	<path>C:\Users\Acer\Documents\Project\images\89.jpg</path>
	<source>
		<database>Unknown</database>
	</source>
	<size>
		<width>479</width>
		<height>640</height>
		<depth>3</depth>
	</size>
	<segmented>0</segmented>
	<object>
		<name>Gun</name>
		<pose>Unspecified</pose>
		<truncated>1</truncated>
		<difficult>0</difficult>
		<bndbox>
			<xmin>71</xmin>
			<ymin>321</ymin>
			<xmax>148</xmax>
			<ymax>640</ymax>
		</bndbox>
	</object>
	<object>
		<name>Gun</name>
		<pose>Unspecified</pose>
		<truncated>1</truncated>
		<difficult>0</difficult>
		<bndbox>
			<xmin>226</xmin>
			<ymin>217</ymin>
			<xmax>479</xmax>
			<ymax>615</ymax>
		</bndbox>
	</object>
</annotation>
