<annotation verified="yes">
	<folder>images</folder>
	<filename>90.png</filename>
	<path>C:\Users\Acer\Documents\Project\images\90.png</path>
	<source>
		<database>Unknown</database>
	</source>
	<size>
		<width>480</width>
		<height>480</height>
		<depth>3</depth>
	</size>
	<segmented>0</segmented>
	<object>
		<name>Gun</name>
		<pose>Unspecified</pose>
		<truncated>0</truncated>
		<difficult>0</difficult>
		<bndbox>
			<xmin>17</xmin>
			<ymin>123</ymin>
			<xmax>447</xmax>
			<ymax>398</ymax>
		</bndbox>
	</object>
</annotation>
