<annotation verified="yes">
	<folder>images</folder>
	<filename>91.jpg</filename>
	<path>C:\Users\Acer\Documents\Project\images\91.jpg</path>
	<source>
		<database>Unknown</database>
	</source>
	<size>
		<width>640</width>
		<height>417</height>
		<depth>3</depth>
	</size>
	<segmented>0</segmented>
	<object>
		<name>Gun</name>
		<pose>Unspecified</pose>
		<truncated>0</truncated>
		<difficult>0</difficult>
		<bndbox>
			<xmin>38</xmin>
			<ymin>88</ymin>
			<xmax>607</xmax>
			<ymax>196</ymax>
		</bndbox>
	</object>
	<object>
		<name>Gun</name>
		<pose>Unspecified</pose>
		<truncated>0</truncated>
		<difficult>0</difficult>
		<bndbox>
			<xmin>16</xmin>
			<ymin>180</ymin>
			<xmax>610</xmax>
			<ymax>292</ymax>
		</bndbox>
	</object>
	<object>
		<name>Gun</name>
		<pose>Unspecified</pose>
		<truncated>0</truncated>
		<difficult>0</difficult>
		<bndbox>
			<xmin>33</xmin>
			<ymin>269</ymin>
			<xmax>611</xmax>
			<ymax>373</ymax>
		</bndbox>
	</object>
</annotation>
