<annotation verified="yes">
	<folder>images</folder>
	<filename>92.jpg</filename>
	<path>C:\Users\Acer\Documents\Project\images\92.jpg</path>
	<source>
		<database>Unknown</database>
	</source>
	<size>
		<width>640</width>
		<height>381</height>
		<depth>3</depth>
	</size>
	<segmented>0</segmented>
	<object>
		<name>Gun</name>
		<pose>Unspecified</pose>
		<truncated>0</truncated>
		<difficult>0</difficult>
		<bndbox>
			<xmin>130</xmin>
			<ymin>121</ymin>
			<xmax>587</xmax>
			<ymax>366</ymax>
		</bndbox>
	</object>
	<object>
		<name>Gun</name>
		<pose>Unspecified</pose>
		<truncated>0</truncated>
		<difficult>0</difficult>
		<bndbox>
			<xmin>47</xmin>
			<ymin>205</ymin>
			<xmax>475</xmax>
			<ymax>366</ymax>
		</bndbox>
	</object>
</annotation>
