<annotation verified="yes">
	<folder>images</folder>
	<filename>94.jpg</filename>
	<path>C:\Users\Acer\Documents\Project\images\94.jpg</path>
	<source>
		<database>Unknown</database>
	</source>
	<size>
		<width>640</width>
		<height>360</height>
		<depth>3</depth>
	</size>
	<segmented>0</segmented>
	<object>
		<name>Gun</name>
		<pose>Unspecified</pose>
		<truncated>0</truncated>
		<difficult>0</difficult>
		<bndbox>
			<xmin>262</xmin>
			<ymin>89</ymin>
			<xmax>369</xmax>
			<ymax>216</ymax>
		</bndbox>
	</object>
	<object>
		<name>Gun</name>
		<pose>Unspecified</pose>
		<truncated>0</truncated>
		<difficult>0</difficult>
		<bndbox>
			<xmin>217</xmin>
			<ymin>56</ymin>
			<xmax>246</xmax>
			<ymax>143</ymax>
		</bndbox>
	</object>
</annotation>
