<annotation verified="yes">
	<folder>images</folder>
	<filename>95.jpg</filename>
	<path>C:\Users\Acer\Documents\Project\images\95.jpg</path>
	<source>
		<database>Unknown</database>
	</source>
	<size>
		<width>459</width>
		<height>640</height>
		<depth>3</depth>
	</size>
	<segmented>0</segmented>
	<object>
		<name>Gun</name>
		<pose>Unspecified</pose>
		<truncated>0</truncated>
		<difficult>0</difficult>
		<bndbox>
			<xmin>108</xmin>
			<ymin>198</ymin>
			<xmax>375</xmax>
			<ymax>610</ymax>
		</bndbox>
	</object>
</annotation>
