<annotation verified="yes">
	<folder>images</folder>
	<filename>96.jpg</filename>
	<path>C:\Users\Acer\Documents\Project\images\96.jpg</path>
	<source>
		<database>Unknown</database>
	</source>
	<size>
		<width>480</width>
		<height>480</height>
		<depth>3</depth>
	</size>
	<segmented>0</segmented>
	<object>
		<name>Gun</name>
		<pose>Unspecified</pose>
		<truncated>1</truncated>
		<difficult>0</difficult>
		<bndbox>
			<xmin>25</xmin>
			<ymin>104</ymin>
			<xmax>480</xmax>
			<ymax>373</ymax>
		</bndbox>
	</object>
</annotation>
