<annotation verified="yes">
	<folder>images</folder>
	<filename>98.jpg</filename>
	<path>C:\Users\Acer\Documents\Project\images\98.jpg</path>
	<source>
		<database>Unknown</database>
	</source>
	<size>
		<width>640</width>
		<height>427</height>
		<depth>3</depth>
	</size>
	<segmented>0</segmented>
	<object>
		<name>Gun</name>
		<pose>Unspecified</pose>
		<truncated>0</truncated>
		<difficult>0</difficult>
		<bndbox>
			<xmin>229</xmin>
			<ymin>35</ymin>
			<xmax>602</xmax>
			<ymax>291</ymax>
		</bndbox>
	</object>
	<object>
		<name>Gun</name>
		<pose>Unspecified</pose>
		<truncated>0</truncated>
		<difficult>0</difficult>
		<bndbox>
			<xmin>38</xmin>
			<ymin>130</ymin>
			<xmax>416</xmax>
			<ymax>396</ymax>
		</bndbox>
	</object>
</annotation>
